{
	"format_version": "1.8.0",
	"animations": {
		"idle": {
			"loop": true,
			"animation_length": 4,
			"bones": {
				"all": {
					"position": [0, -3, 0],
					"scale": 0.9
				},
				"Larm": {
					"rotation": {
						"0.0": [36.65996, 17.26588, -21.741],
						"4.0": [36.65996, 17.26588, -21.741]
					},
					"position": {
						"0.0": [-0.5, -0.25, 0],
						"2.75": [-0.5, -0.25, 0]
					}
				},
				"Rarm": {
					"rotation": {
						"0.0": [36.65996, -17.2659, 21.74101],
						"4.0": [36.65996, -17.2659, 21.74101]
					},
					"position": {
						"0.0": [0.5, -0.25, 0],
						"2.75": [0.5, -0.25, 0]
					}
				},
				"torso": {
					"scale": {
						"0.0": [1, 1, 1],
						"2.0": [1, 1, 1],
						"4.0": [1, 1, 1]
					}
				},
				"Lleg": {
					"rotation": {
						"0.0": [0, 0, 0],
						"2.0": [0, 0, 0],
						"4.0": [0, 0, 0]
					}
				},
				"Head": {
					"position": [0, -0.05, 0]
				},
				"RWing": {
					"rotation": {
						"0.0": [0, 0, 0],
						"0.125": [0, 0, 0],
						"0.25": [0, 0, 0],
						"0.375": [0, 0, 0],
						"0.5": [0, 0, 0],
						"0.625": [0, 0, 0],
						"0.75": [0, 0, 0],
						"0.875": [0, 0, 0],
						"1.0": [0, 0, 0],
						"1.125": [0, 0, 0],
						"1.25": [0, 0, 0],
						"1.375": [0, 0, 0],
						"1.5": [0, 0, 0],
						"1.625": [0, 0, 0],
						"1.75": [0, 0, 0],
						"1.875": [0, 0, 0],
						"2.0": [0, 0, 0],
						"2.125": [0, 0, 0],
						"2.25": [0, 0, 0],
						"2.375": [0, 0, 0],
						"2.5": [0, 0, 0],
						"2.625": [0, 0, 0],
						"2.75": [0, 0, 0],
						"2.875": [0, 0, 0],
						"3.0": [0, 0, 0],
						"3.125": [0, 0, 0],
						"3.25": [0, 0, 0],
						"3.375": [0, 0, 0],
						"3.5": [0, 0, 0],
						"3.625": [0, 0, 0],
						"3.75": [0, 0, 0],
						"3.875": [0, 0, 0],
						"4.0": [0, 0, 0]
					}
				},
				"Lwing": {
					"rotation": {
						"0.0": [0, 0, 0],
						"0.125": [0, 0, 0],
						"0.25": [0, 0, 0],
						"0.375": [0, 0, 0],
						"0.5": [0, 0, 0],
						"0.625": [0, 0, 0],
						"0.75": [0, 0, 0],
						"0.875": [0, 0, 0],
						"1.0": [0, 0, 0],
						"1.125": [0, 0, 0],
						"1.25": [0, 0, 0],
						"1.375": [0, 0, 0],
						"1.5": [0, 0, 0],
						"1.625": [0, 0, 0],
						"1.75": [0, 0, 0],
						"1.875": [0, 0, 0],
						"2.0": [0, 0, 0],
						"2.125": [0, 0, 0],
						"2.25": [0, 0, 0],
						"2.375": [0, 0, 0],
						"2.5": [0, 0, 0],
						"2.625": [0, 0, 0],
						"2.75": [0, 0, 0],
						"2.875": [0, 0, 0],
						"3.0": [0, 0, 0],
						"3.125": [0, 0, 0],
						"3.25": [0, 0, 0],
						"3.375": [0, 0, 0],
						"3.5": [0, 0, 0],
						"3.625": [0, 0, 0],
						"3.75": [0, 0, 0],
						"3.875": [0, 0, 0],
						"4.0": [0, 0, 0]
					}
				}
			}
		},
		"lies": {
			"loop": true,
			"animation_length": 3,
			"bones": {
				"all": {
					"rotation": [0, 0, 0],
					"position": [0, -13.75, 0],
					"scale": 0.9
				},
				"Larm": {
					"rotation": [15, 0, 0]
				},
				"Rarm": {
					"rotation": [15, 0, 0]
				},
				"torso": {
					"rotation": [-25, 0, 0],
					"scale": 1
				},
				"Lleg": {
					"rotation": [-92.50954, -4.99523, 0.21865],
					"position": [0, 1, -4]
				},
				"Head": {
					"rotation": [27.5, 0, 0],
					"position": [0, 0.7, 0]
				},
				"RWing": {
					"rotation": [0, 0, 0],
					"scale": 0
				},
				"Lwing": {
					"scale": 0
				},
				"Rleg": {
					"rotation": [-90, 5, 0],
					"position": [0, 1, -4]
				}
			}
		},
		"attack": {
			"loop": "hold_on_last_frame",
			"animation_length": 0.5,
			"bones": {
				"all": {
					"rotation": [0, 0, 0],
					"position": [0, 0, 0],
					"scale": 0.9
				},
				"arms": {
					"rotation": {
						"0.0": [0, 0, 0],
						"0.125": [0, 0, 0],
						"0.375": [0, 0, 0],
						"0.5": [0, 0, 0]
					},
					"position": [0, 0, 0],
					"scale": 1
				},
				"Larm": {
					"rotation": {
						"0.0": [0, 0, 0],
						"0.125": [0, 0, 0],
						"0.25": [0, 0, 0],
						"0.5": [0, 0, 0]
					},
					"position": [0, 0, 0],
					"scale": 1
				},
				"Rarm": {
					"rotation": {
						"0.0": [0, 0, 0],
						"0.125": [0, 0, 0],
						"0.25": [0, 0, 0],
						"0.5": [0, 0, 0]
					},
					"position": [0, 0, 0],
					"scale": 1
				},
				"torso": {
					"rotation": {
						"0.0": [0, 0, 0],
						"0.25": [0, 0, 0],
						"0.5": [0, 0, 0]
					},
					"position": [0, 0, 0],
					"scale": 1
				},
				"legs": {
					"rotation": {
						"0.0": [0, 0, 0],
						"0.125": [0, 0, 0],
						"0.25": [0, 0, 0],
						"0.5": [0, 0, 0]
					},
					"position": [0, 0, 0],
					"scale": 1
				},
				"Lleg": {
					"rotation": {
						"0.0": [0, 0, 0],
						"0.125": [0, 0, 0],
						"0.25": [0, 0, 0],
						"0.5": [0, 0, 0]
					}
				},
				"Head": {
					"rotation": [0, 0, 0],
					"position": [0, -0.05, 0],
					"scale": 1
				},
				"RWing": {
					"rotation": {
						"0.0": [0, 0, 0],
						"0.125": [0, 0, 0],
						"0.25": [0, 0, 0],
						"0.375": [0, 0, 0],
						"0.5": [0, 0, 0]
					}
				},
				"Lwing": {
					"rotation": {
						"0.0": [0, 0, 0],
						"0.125": [0, 0, 0],
						"0.25": [0, 0, 0],
						"0.375": [0, 0, 0],
						"0.5": [0, 0, 0]
					}
				}
			}
		},
		"sitting": {
			"loop": true,
			"animation_length": 4,
			"bones": {
				"all": {
					"rotation": [-60, 0, 0],
					"position": {
						"0.0": [0, -2.92, 0],
						"0.2": [0, -2.82, 0],
						"0.5": [0, -2.43, 0],
						"1.7": [0, -0.3, 0],
						"1.9": [0, -0.06, 0],
						"2.0": [0, -0.03, 0],
						"2.1": [0, -0.06, 0],
						"2.3": [0, -0.3, 0],
						"3.5": [0, -2.43, 0],
						"3.8": [0, -2.82, 0],
						"4.0": [0, -2.92, 0]
					},
					"scale": 0.9
				},
				"Larm": {
					"rotation": [-158.02113, -4.93842, 12.04044]
				},
				"Rarm": {
					"rotation": [60, 0, 27.5]
				},
				"Lleg": {
					"rotation": [-34.72047, 7.8274, -32.30727]
				},
				"Rleg": {
					"rotation": [0, 0, 15]
				},
				"Head": {
					"rotation": [52.5, 0, 0],
					"position": [0, 0.8, -1.2]
				}
			}
		},
		"walk": {
			"loop": true,
			"animation_length": 2,
			"bones": {
				"all": {
					"rotation": [10, 0, 0],
					"position": [0, -1, 0]
				},
				"Larm": {
					"rotation": {
						"0.0": [0, 0, 0],
						"1.0": [0, 0, 0],
						"2.0": [0, 0, 0]
					}
				},
				"Rarm": {
					"rotation": {
						"0.0": [0, 0, 0],
						"1.0": [0, 0, 0],
						"2.0": [0, 0, 0]
					}
				},
				"legs": {
					"rotation": [12.5, 0, 0]
				},
				"Lleg": {
					"rotation": {
						"0.0": [0, 0, 0],
						"1.0": [0, 0, 0],
						"2.0": [0, 0, 0]
					},
					"position": [0, 0.5, 0]
				},
				"Rleg": {
					"rotation": {
						"0.0": [0, 0, 0],
						"1.0": [0, 0, 0],
						"2.0": [0, 0, 0]
					}
				},
				"Head": {
					"rotation": [-10, 0, 0],
					"position": [0, -0.2, -0.5]
				},
				"RWing": {
					"rotation": {
						"0.0": [0, 0, 0],
						"0.125": [0, 0, 0],
						"0.25": [0, 0, 0],
						"0.375": [0, 0, 0],
						"0.5": [0, 0, 0],
						"0.625": [0, 0, 0],
						"0.75": [0, 0, 0],
						"0.875": [0, 0, 0],
						"1.0": [0, 0, 0],
						"1.125": [0, 0, 0],
						"1.25": [0, 0, 0],
						"1.375": [0, 0, 0],
						"1.5": [0, 0, 0],
						"1.625": [0, 0, 0],
						"1.75": [0, 0, 0],
						"1.875": [0, 0, 0],
						"2.0": [0, 0, 0]
					}
				},
				"Lwing": {
					"rotation": {
						"0.0": [0, 0, 0],
						"0.125": [0, 0, 0],
						"0.25": [0, 0, 0],
						"0.375": [0, 0, 0],
						"0.5": [0, 0, 0],
						"0.625": [0, 0, 0],
						"0.75": [0, 0, 0],
						"0.875": [0, 0, 0],
						"1.0": [0, 0, 0],
						"1.125": [0, 0, 0],
						"1.25": [0, 0, 0],
						"1.375": [0, 0, 0],
						"1.5": [0, 0, 0],
						"1.625": [0, 0, 0],
						"1.75": [0, 0, 0],
						"1.875": [0, 0, 0],
						"2.0": [0, 0, 0]
					}
				},
				"torso": {
					"rotation": [7.5, 0, 0]
				}
			}
		}
	},
	"geckolib_format_version": 2
}